505434089,"""Akash Sloan""",913318067,"""2001-05-05""",543645448
161109949,"""Cobie Wilkerson""",913180647,"""2010-02-27""",543645448
439944216,"""Eira Lees""",109850470,"""2009-04-23""",543645448
505029657,"""Chance Wheatley""",722883998,"""2010-10-19""",543645448
446106485,"""Zahid Faulkner""",881455980,"""2015-04-29""",543645448
506138525,"""Manveer Gutierrez""",436547084,"""2017-06-27""",81803263
543645448,"""Philippa Truong""",407300581,"""1992-10-21""",543645448
81803263,"""Elysia Gentry""",156146352,"""1999-05-13""",81803263
337703027,"""Rudi Benjamin""",865881519,"""2018-04-27""",81803263
286745536,"""Farhaan Cole""",484794687,"""2020-07-05""",81803263
